[{"sku":"TWDR323","imageUrl":"https://adn-static1.nykaa.com/nykdesignstudio-images/pub/media/catalog/product/t/w/twdr323.jpg","isOutOfStock":0,"subTitle":"Multi-Color Wraps All The Way Midi Dress","title":"Twenty Dresses","price":2095,"categoryId":["4240","3","5","2","102","5047","5002","4109","5169","4905"],"discount":25,"tag":{},"discountedPrice":1572,"actionUrl":"/twenty-dresses-multi-color-wraps-all-the-way-midi-dress/p/232595","aspectRatio":0.75,"sizeVariation":[{"id":"232592","title":"S"},{"id":"232593","title":"M"},{"id":"232594","title":"L"}],"type":"configurable","id":"232595"},{"sku":"AMBR028","imageUrl":"https://adn-static1.nykaa.com/nykdesignstudio-images/pub/media/catalog/product/2/9/291a-d02-b141_1.jpg","isOutOfStock":0,"subTitle":"White Tier Gown With Jacket","title":"Ambraee","price":3099,"categoryId":["5061","4914","4109","4949","4596","3504","3","102","5","2","153"],"discount":0,"tag":{},"discountedPrice":3099,"actionUrl":"/ambraee-white-tier-gown-with-jacket/p/126963","aspectRatio":0.75,"sizeVariation":[{"id":"126957","title":"XS"},{"id":"126958","title":"S"},{"id":"126959","title":"M"},{"id":"126960","title":"L"},{"id":"126961","title":"XL"},{"id":"126962","title":"2XL"}],"type":"configurable","id":"126963"},{"sku":"TWDR002","imageUrl":"https://adn-static1.nykaa.com/nykdesignstudio-images/pub/media/catalog/product/t/w/twdr002.jpg","isOutOfStock":0,"subTitle":"Black You Got The Look Maxi Dress","title":"Twenty Dresses","price":2295,"categoryId":["5","102","3570","4579","3","2","5002","4109","4074","5047","4269","4240"],"discount":25,"tag":{},"discountedPrice":1722,"actionUrl":"/twenty-dresses-black-you-got-the-look-maxi-dress/p/87850","aspectRatio":0.75,"sizeVariation":[{"id":"87845","title":"XS"},{"id":"87846","title":"S"},{"id":"87847","title":"M"},{"id":"87848","title":"L"},{"id":"87849","title":"XL"}],"type":"configurable","id":"87850"},{"sku":"FANPA006","imageUrl":"https://adn-static1.nykaa.com/nykdesignstudio-images/pub/media/catalog/product/f/p/fpdmdirf_1.jpg","isOutOfStock":0,"subTitle":"Iris Frill Dress","title":"Fancy Pastels","price":3550,"categoryId":["5023","4109","3","4778","2","5","102"],"discount":0,"tag":{"titleColor":"#ffffff","imageUrl":"","bgColor":"#000000","title":"Bestseller"},"discountedPrice":3550,"actionUrl":"/fancy-pastels-iris-frill-dress/p/223875","aspectRatio":0.75,"sizeVariation":[{"id":"223869","title":"XS"},{"id":"223870","title":"S"},{"id":"223871","title":"M"},{"id":"223872","title":"L"},{"id":"223873","title":"XL"},{"id":"223874","title":"2XL"}],"type":"configurable","id":"223875"},{"sku":"TWDR156","imageUrl":"https://adn-static1.nykaa.com/nykdesignstudio-images/pub/media/catalog/product/t/w/twdr156.jpg","isOutOfStock":0,"subTitle":"Black Spot On Style Floral Maxi Dress","title":"Twenty Dresses","price":2395,"categoryId":["4903","5047","5023","5002","4866","5097","5092","2","4074","4647","102","5","4579","3","4240","4109"],"discount":25,"tag":{},"discountedPrice":1797,"actionUrl":"/twenty-dresses-black-spot-on-style-floral-maxi-dress/p/140782","aspectRatio":0.75,"sizeVariation":[{"id":"235011","title":"XS"},{"id":"140779","title":"S"},{"id":"140780","title":"M"},{"id":"140781","title":"L"},{"id":"235012","title":"XL"},{"id":"235013","title":"2XL"}],"type":"configurable","id":"140782"},{"sku":"ABHST39","imageUrl":"https://adn-static1.nykaa.com/nykdesignstudio-images/pub/media/catalog/product/a/b/abi-1309_1.jpg","isOutOfStock":0,"subTitle":"Flared Polycrepe Black Party Dress","title":"Abhishti","price":1499,"categoryId":["4251","4315","4979","4981","4967","4970","3","4515","4519","4109","4074","2","5","4579","102","4737","4486","4487"],"discount":40,"tag":{"titleColor":"#ffffff","imageUrl":"","bgColor":"#000000","title":"Bestseller"},"discountedPrice":900,"actionUrl":"/abhishti-flared-polycrepe-black-party-dress/p/109207","aspectRatio":0.75,"sizeVariation":[{"id":"109202","title":"XS"},{"id":"109203","title":"S"},{"id":"109204","title":"M"},{"id":"109205","title":"L"},{"id":"109206","title":"XL"}],"type":"configurable","id":"109207"},{"sku":"TWDR003","imageUrl":"https://adn-static1.nykaa.com/nykdesignstudio-images/pub/media/catalog/product/t/w/twdr003.jpg","isOutOfStock":0,"subTitle":"Black The Timeless Polka Flared Dress","title":"Twenty Dresses","price":1995,"categoryId":["4291","4240","102","5","3570","4355","4409","5166","5023","4109","4435","4415","3","5002","2","5047"],"discount":25,"tag":{},"discountedPrice":1497,"actionUrl":"/twenty-dresses-black-the-timeless-polka-flared-dress/p/87856","aspectRatio":0.75,"sizeVariation":[{"id":"87851","title":"XS"},{"id":"87852","title":"S"},{"id":"87853","title":"M"},{"id":"87854","title":"L"},{"id":"87855","title":"XL"}],"type":"configurable","id":"87856"},{"sku":"TJRI107","imageUrl":"https://adn-static1.nykaa.com/nykdesignstudio-images/pub/media/catalog/product/t/j/tj-mk-208-11_1.jpg","isOutOfStock":0,"subTitle":"Hand Block Printed Strappy Cotton Dress","title":"Tjori","price":1499,"categoryId":["5","102","4521","4650","4712","4109","2","4908","5095","5092","3","4970","4975"],"discount":15,"tag":{},"discountedPrice":1275,"actionUrl":"/tjori-hand-block-printed-strappy-cotton-dress/p/195891","aspectRatio":0.75,"sizeVariation":[{"id":"195884","title":"XS"},{"id":"195885","title":"S"},{"id":"195886","title":"M"},{"id":"195887","title":"L"},{"id":"195888","title":"XL"},{"id":"195889","title":"2XL"},{"id":"195890","title":"3XL"}],"type":"configurable","id":"195891"},{"sku":"TWDR018","imageUrl":"https://adn-static1.nykaa.com/nykdesignstudio-images/pub/media/catalog/product/t/w/twdr018.jpg","isOutOfStock":0,"subTitle":"Black Show Me Off Dress","title":"Twenty Dresses","price":1595,"categoryId":["2","3","5047","5002","5089","3570","102","4240","4435","4409","5","4291","4109","4714","4579","4415","4355","4613"],"discount":25,"tag":{},"discountedPrice":1197,"actionUrl":"/twenty-dresses-black-show-me-off-dress/p/87953","aspectRatio":0.75,"sizeVariation":[{"id":"87947","title":"XS"},{"id":"87948","title":"S"},{"id":"87949","title":"M"},{"id":"87950","title":"L"},{"id":"87951","title":"XL"},{"id":"87952","title":"2XL"}],"type":"configurable","id":"87953"},{"sku":"TWDR019","imageUrl":"https://adn-static1.nykaa.com/nykdesignstudio-images/pub/media/catalog/product/t/w/twdr019.jpg","isOutOfStock":0,"subTitle":"Black At The Edge Of The Night Dress","title":"Twenty Dresses","price":1595,"categoryId":["4741","4714","2","4579","3","3570","102","5002","4109","5089","5047","4240","5","4291"],"discount":25,"tag":{},"discountedPrice":1197,"actionUrl":"/twenty-dresses-black-at-the-edge-of-the-night-dress/p/87959","aspectRatio":0.75,"sizeVariation":[{"id":"87954","title":"XS"},{"id":"87955","title":"S"},{"id":"87956","title":"M"},{"id":"87957","title":"L"},{"id":"87958","title":"XL"}],"type":"configurable","id":"87959"},{"sku":"TWDR259","imageUrl":"https://adn-static1.nykaa.com/nykdesignstudio-images/pub/media/catalog/product/t/w/twdr259.jpg","isOutOfStock":0,"subTitle":"Maroon Twirling In The Frill Dress","title":"Twenty Dresses","price":1695,"categoryId":["4109","5","4240","102","5002","5047","5166","4708","2","3"],"discount":25,"tag":{},"discountedPrice":1272,"actionUrl":"/twenty-dresses-maroon-twirling-in-the-frill-dress/p/170080","aspectRatio":0.75,"sizeVariation":[{"id":"170074","title":"XS"},{"id":"170075","title":"S"},{"id":"170076","title":"M"},{"id":"170077","title":"L"},{"id":"170078","title":"XL"},{"id":"170079","title":"2XL"}],"type":"configurable","id":"170080"},{"sku":"RSVP0031","imageUrl":"https://adn-static1.nykaa.com/nykdesignstudio-images/pub/media/catalog/product/d/2/d20002_1_1.jpg","isOutOfStock":0,"subTitle":"Black Turning Heads Sequin Dress","title":"RSVP","price":3195,"categoryId":["3","2","4625","4624","4626","4627","4628","5","5081","4632","4631","4630","4706","102","3712","5013","5018","5030","4109","5089","5047","5010","5012"],"discount":0,"tag":{"titleColor":"#ffffff","imageUrl":"","bgColor":"#000000","title":"Express Delivery"},"discountedPrice":3195,"actionUrl":"/rsvp-black-turning-heads-sequin-dress/p/217756","aspectRatio":0.75,"sizeVariation":[{"id":"217751","title":"XS"},{"id":"217752","title":"S"},{"id":"217753","title":"M"},{"id":"217754","title":"L"},{"id":"217755","title":"XL"}],"type":"configurable","id":"217756"},{"sku":"TWDR331","imageUrl":"https://adn-static1.nykaa.com/nykdesignstudio-images/pub/media/catalog/product/t/w/twdr331.jpg","isOutOfStock":0,"subTitle":"Maroon The Dotted Grace Midi Dress","title":"Twenty Dresses","price":2195,"categoryId":["4708","4109","5047","4240","5002","4908","3","102","5","2"],"discount":25,"tag":{},"discountedPrice":1647,"actionUrl":"/twenty-dresses-maroon-the-dotted-grace-midi-dress/p/232645","aspectRatio":0.75,"sizeVariation":[{"id":"232639","title":"XS"},{"id":"232640","title":"S"},{"id":"232643","title":"XL"},{"id":"232644","title":"2XL"}],"type":"configurable","id":"232645"},{"sku":"TRBS612","imageUrl":"https://adn-static1.nykaa.com/nykdesignstudio-images/pub/media/catalog/product/t/b/tb2133_1.jpg","isOutOfStock":0,"subTitle":"Red Floral Assymetrical Flared Dress","title":"trueBrowns","price":2999,"categoryId":["4596","5","5092","102","4903","3897","2","4109","3"],"discount":50,"tag":{},"discountedPrice":1500,"actionUrl":"/truebrowns-red-floral-assymetrical-flared-dress/p/177366","aspectRatio":0.75,"sizeVariation":[{"id":"177359","title":"XXS"},{"id":"177360","title":"XS"},{"id":"177361","title":"S"},{"id":"177362","title":"M"},{"id":"177363","title":"L"},{"id":"177364","title":"XL"},{"id":"177365","title":"2XL"}],"type":"configurable","id":"177366"},{"sku":"NAC0001","imageUrl":"https://adn-static1.nykaa.com/nykdesignstudio-images/pub/media/catalog/product/n/a/nac-1-khd-011c.jpg","isOutOfStock":0,"subTitle":"Khadi Wrap Dress","title":"Notch Above","price":3800,"categoryId":["5","102","4226","4224","4220","4194","2","4196","3","3910","4070","4228","4234","4072","4076","4371","4355","4350","3570","4580","4657","4742"],"discount":0,"tag":{},"discountedPrice":3800,"actionUrl":"/notch-above-khadi-wrap-dress/p/42164","aspectRatio":0.75,"sizeVariation":[{"id":"42159","title":"XS"},{"id":"42160","title":"S"},{"id":"42161","title":"M"},{"id":"42162","title":"L"},{"id":"42163","title":"XL"}],"type":"configurable","id":"42164"},{"sku":"TRBS575","imageUrl":"https://adn-static1.nykaa.com/nykdesignstudio-images/pub/media/catalog/product/t/r/truebrowns_tb2071_1.jpg","isOutOfStock":0,"subTitle":"Green Cotton Overlap Flare Dress","title":"trueBrowns","price":2999,"categoryId":["2","3","102","5","4515","4589","4519","4882","4109","3897","5092","5095"],"discount":0,"tag":{},"discountedPrice":2999,"actionUrl":"/truebrowns-green-cotton-overlap-flare-dress/p/152306","aspectRatio":0.75,"sizeVariation":[{"id":"152295","title":"XXS"},{"id":"152296","title":"XS"},{"id":"152297","title":"S"},{"id":"152298","title":"M"},{"id":"152299","title":"L"},{"id":"152300","title":"XL"},{"id":"152301","title":"2XL"},{"id":"152302","title":"3XL"},{"id":"152303","title":"4XL"},{"id":"152304","title":"5XL"},{"id":"152305","title":"6XL"}],"type":"configurable","id":"152306"},{"sku":"RSVP0011","imageUrl":"https://adn-static1.nykaa.com/nykdesignstudio-images/pub/media/catalog/product/d/2/d20019-1_1.jpg","isOutOfStock":0,"subTitle":"Teal Ruffle Me Crazy Dress","title":"RSVP","price":3795,"categoryId":["5","102","2","3","4109","4624","4625","4632","5047","4628","4627","4626","4630","4706","4631","5031","3712","5011","5014","5017","5030"],"discount":0,"tag":{"titleColor":"#ffffff","imageUrl":"","bgColor":"#000000","title":"Express Delivery"},"discountedPrice":3795,"actionUrl":"/rsvp-teal-ruffle-me-crazy-dress/p/217636","aspectRatio":0.75,"sizeVariation":[{"id":"217631","title":"XS"},{"id":"217632","title":"S"},{"id":"217633","title":"M"},{"id":"217634","title":"L"},{"id":"217635","title":"XL"}],"type":"configurable","id":"217636"},{"sku":"TJRI106","imageUrl":"https://adn-static1.nykaa.com/nykdesignstudio-images/pub/media/catalog/product/t/j/tj-mk-208-10_1.jpg","isOutOfStock":0,"subTitle":"Hand Block Printed Triple Pattern Cotton Dress","title":"Tjori","price":1999,"categoryId":["4109","4970","5095","5092","4975","4737","4521","102","2","5","3"],"discount":0,"tag":{},"discountedPrice":1999,"actionUrl":"/tjori-hand-block-printed-triple-pattern-cotton-dress/p/195883","aspectRatio":0.75,"sizeVariation":[{"id":"195876","title":"XS"},{"id":"195877","title":"S"},{"id":"195878","title":"M"},{"id":"195879","title":"L"},{"id":"195880","title":"XL"},{"id":"195881","title":"2XL"},{"id":"195882","title":"3XL"}],"type":"configurable","id":"195883"},{"sku":"FBLY231","imageUrl":"https://adn-static1.nykaa.com/nykdesignstudio-images/pub/media/catalog/product/d/r/drs02849_1.jpg","isOutOfStock":0,"subTitle":"All Pink Floral Belted Wrap Maxi Dress","title":"Faballey","price":2600,"categoryId":["4903","4822","4728","5023","4806","4657","3","4580","5","102","4057","4109","2"],"discount":35,"tag":{"titleColor":"#ffffff","imageUrl":"","bgColor":"#000000","title":"Bestseller"},"discountedPrice":1690,"actionUrl":"/faballey-all-pink-floral-belted-wrap-maxi-dress/p/195570","aspectRatio":0.75,"sizeVariation":[{"id":"195562","title":"XS"},{"id":"195563","title":"S"},{"id":"195564","title":"M"},{"id":"195565","title":"L"}],"type":"configurable","id":"195570"},{"sku":"ABHST40","imageUrl":"https://adn-static1.nykaa.com/nykdesignstudio-images/pub/media/catalog/product/a/b/abi-1310_1.jpg","isOutOfStock":0,"subTitle":"Flared Polycrepe Maroon Party Dress","title":"Abhishti","price":1499,"categoryId":["4515","4519","4486","4737","4487","4981","4979","102","2","4251","4970","4967","4315","3","5","4109"],"discount":40,"tag":{},"discountedPrice":900,"actionUrl":"/abhishti-flared-polycrepe-maroon-party-dress/p/109213","aspectRatio":0.75,"sizeVariation":[{"id":"109208","title":"XS"},{"id":"109209","title":"S"},{"id":"109210","title":"M"},{"id":"109211","title":"L"},{"id":"109212","title":"XL"}],"type":"configurable","id":"109213"},{"sku":"TWDR324","imageUrl":"https://adn-static1.nykaa.com/nykdesignstudio-images/pub/media/catalog/product/t/w/twdr324.jpg","isOutOfStock":0,"subTitle":"Yellow Floral Vibrance Dress","title":"Twenty Dresses","price":1895,"categoryId":["4109","4240","5002","5047","5023","3","2","102","5"],"discount":25,"tag":{},"discountedPrice":1422,"actionUrl":"/twenty-dresses-yellow-floral-vibrance-dress/p/232601","aspectRatio":0.75,"sizeVariation":[{"id":"232596","title":"XS"},{"id":"232597","title":"S"},{"id":"232598","title":"M"},{"id":"232599","title":"L"},{"id":"232600","title":"XL"}],"type":"configurable","id":"232601"},{"sku":"FRNW0511","imageUrl":"https://adn-static1.nykaa.com/nykdesignstudio-images/pub/media/catalog/product/2/5/25891901_1.jpg","isOutOfStock":0,"subTitle":"Selma Deep V Lace Prom Dress","title":"Forever New","price":7600,"categoryId":["4109","5","3720","102","4495","2","3"],"discount":34,"tag":{},"discountedPrice":4995,"actionUrl":"/forever-new-selma-deep-v-lace-prom-dress/p/189840","aspectRatio":0.75,"sizeVariation":[{"id":"189835","title":"S"},{"id":"189836","title":"M"},{"id":"189837","title":"L"},{"id":"189838","title":"XL"}],"type":"configurable","id":"189840"},{"sku":"INDS027","imageUrl":"https://adn-static1.nykaa.com/nykdesignstudio-images/pub/media/catalog/product/i/n/inddus_ind-img-5011-b-1.jpg","isOutOfStock":0,"subTitle":"Inddus Burgundy Georgette Embellished Maxi Dress","title":"INDDUS","price":6399,"categoryId":["102","5","4970","4109","4968","5097","2","4582","3"],"discount":50,"tag":{},"discountedPrice":3200,"actionUrl":"/inddus-burgundy-georgette-embellished-maxi-dress/p/210280","aspectRatio":0.75,"sizeVariation":[{"id":"210281","title":"S"},{"id":"210282","title":"M"},{"id":"210283","title":"L"},{"id":"210284","title":"XL"},{"id":"210285","title":"2XL"}],"type":"configurable","id":"210280"},{"sku":"RSVP0027","imageUrl":"https://adn-static1.nykaa.com/nykdesignstudio-images/pub/media/catalog/product/d/2/d20010_1_1.jpg","isOutOfStock":0,"subTitle":"Pink Bow To Ruffle Short Dress","title":"RSVP","price":3295,"categoryId":["5","102","2","3","4109","3712","5031","4624","4626","5014","5011","5047","5018","4625","5023","4632","4706","4627","4628","4630","4631"],"discount":0,"tag":{"titleColor":"#ffffff","imageUrl":"","bgColor":"#000000","title":"Express Delivery"},"discountedPrice":3295,"actionUrl":"/rsvp-pink-bow-to-ruffle-short-dress/p/217732","aspectRatio":0.75,"sizeVariation":[{"id":"217727","title":"XS"},{"id":"217728","title":"S"},{"id":"217729","title":"M"},{"id":"217730","title":"L"},{"id":"217731","title":"XL"}],"type":"configurable","id":"217732"},{"sku":"RSVP0024","imageUrl":"https://adn-static1.nykaa.com/nykdesignstudio-images/pub/media/catalog/product/d/2/d20018_1_1.jpg","isOutOfStock":0,"subTitle":"Pink Ruffle Me Crazy Midi Dress","title":"RSVP","price":3795,"categoryId":["5","102","4625","4624","4626","4627","4628","5047","5017","4632","4631","4630","4706","5011","4109","2","3","5023","5030","5031"],"discount":0,"tag":{"titleColor":"#ffffff","imageUrl":"","bgColor":"#000000","title":"Express Delivery"},"discountedPrice":3795,"actionUrl":"/rsvp-pink-ruffle-me-crazy-midi-dress/p/217714","aspectRatio":0.75,"sizeVariation":[{"id":"217709","title":"XS"},{"id":"217710","title":"S"},{"id":"217711","title":"M"},{"id":"217712","title":"L"},{"id":"217713","title":"XL"}],"type":"configurable","id":"217714"},{"sku":"RSVP0003","imageUrl":"https://adn-static1.nykaa.com/nykdesignstudio-images/pub/media/catalog/product/d/2/d20004-1_1.jpg","isOutOfStock":0,"subTitle":"Black Stay Sheer Lace Dress","title":"RSVP","price":3195,"categoryId":["3","2","102","5","3712","4624","4625","4632","5047","4628","4627","4626","4630","4706","4631","4109","5010","5018","5031","5089"],"discount":0,"tag":{"titleColor":"#ffffff","imageUrl":"","bgColor":"#000000","title":"Express Delivery"},"discountedPrice":3195,"actionUrl":"/rsvp-black-stay-sheer-lace-dress/p/217588","aspectRatio":0.75,"sizeVariation":[{"id":"217583","title":"XS"},{"id":"217584","title":"S"},{"id":"217585","title":"M"},{"id":"217586","title":"L"},{"id":"217587","title":"XL"}],"type":"configurable","id":"217588"},{"sku":"TWDR013","imageUrl":"https://adn-static1.nykaa.com/nykdesignstudio-images/pub/media/catalog/product/t/w/twdr013.jpg","isOutOfStock":0,"subTitle":"Navy Blue Ready For The Royal Ball Maxi Dress","title":"Twenty Dresses","price":2395,"categoryId":["102","5","3","2","3570","4240","4109","4721","5047","5002","4738"],"discount":25,"tag":{},"discountedPrice":1797,"actionUrl":"/twenty-dresses-navy-blue-ready-for-the-royal-ball-maxi-dress/p/87921","aspectRatio":0.75,"sizeVariation":[{"id":"87915","title":"XS"},{"id":"87916","title":"S"},{"id":"87917","title":"M"},{"id":"87918","title":"L"}],"type":"configurable","id":"87921"},{"sku":"TRBS618","imageUrl":"https://adn-static1.nykaa.com/nykdesignstudio-images/pub/media/catalog/product/t/b/tb2139_1.jpg","isOutOfStock":0,"subTitle":"Multi-Color Floral Maxi Dress","title":"trueBrowns","price":2999,"categoryId":["4596","5","3897","102","2","3","4109"],"discount":50,"tag":{},"discountedPrice":1500,"actionUrl":"/truebrowns-multi-color-floral-maxi-dress/p/177414","aspectRatio":0.75,"sizeVariation":[{"id":"177407","title":"XXS"},{"id":"177408","title":"XS"},{"id":"177409","title":"S"},{"id":"177410","title":"M"},{"id":"177411","title":"L"},{"id":"177412","title":"XL"},{"id":"177413","title":"2XL"}],"type":"configurable","id":"177414"},{"sku":"FANPA017","imageUrl":"https://adn-static1.nykaa.com/nykdesignstudio-images/pub/media/catalog/product/f/p/fpdtsd_1.jpg","isOutOfStock":0,"subTitle":"Sapphire Dress","title":"Fancy Pastels","price":2250,"categoryId":["102","5","4109","4778","2","3"],"discount":0,"tag":{},"discountedPrice":2250,"actionUrl":"/fancy-pastels-sapphire-dress/p/223952","aspectRatio":0.75,"sizeVariation":[{"id":"223946","title":"XS"},{"id":"223947","title":"S"},{"id":"223948","title":"M"},{"id":"223949","title":"L"},{"id":"223950","title":"XL"},{"id":"223951","title":"2XL"}],"type":"configurable","id":"223952"},{"sku":"FRNW0443","imageUrl":"https://adn-static1.nykaa.com/nykdesignstudio-images/pub/media/catalog/product/2/5/25930701_1.jpg","isOutOfStock":0,"subTitle":"Yasmin Lace Flippy Hem Dress","title":"Forever New","price":8400,"categoryId":["4109","4710","4495","4711","4866","5097","5089","2","3","102","5","5023"],"discount":60,"tag":{"titleColor":"#ffffff","imageUrl":"","bgColor":"#000000","title":"Bestseller"},"discountedPrice":3395,"actionUrl":"/forever-new-yasmin-lace-flippy-hem-dress/p/189308","aspectRatio":0.75,"sizeVariation":[{"id":"189301","title":"XXS"},{"id":"189302","title":"XS"},{"id":"189304","title":"M"}],"type":"configurable","id":"189308"},{"sku":"KANA011","imageUrl":"https://adn-static1.nykaa.com/nykdesignstudio-images/pub/media/catalog/product/d/r/dr19062_1_.jpg","isOutOfStock":0,"subTitle":"Teal Boat Neck Ruched High Low Dress","title":"Kaanchie Nanggia","price":2500,"categoryId":["4109","4853","5078","5094","5","102","3","2"],"discount":0,"tag":{},"discountedPrice":2500,"actionUrl":"/kaanchie-nanggia-teal-boat-neck-ruched-high-low-dress/p/240726","aspectRatio":0.75,"sizeVariation":[{"id":"240727","title":"XS"},{"id":"240728","title":"S"},{"id":"240729","title":"M"},{"id":"240730","title":"L"},{"id":"240731","title":"XL"},{"id":"240732","title":"2XL"},{"id":"240733","title":"3XL"},{"id":"240734","title":"4XL"},{"id":"240735","title":"5XL"},{"id":"240736","title":"6XL"}],"type":"configurable","id":"240726"},{"sku":"FRNW0621","imageUrl":"https://adn-static1.nykaa.com/nykdesignstudio-images/pub/media/catalog/product/2/5/25870502_1.jpg","isOutOfStock":0,"subTitle":"White Autumn Tiered Maxi Dress","title":"Forever New","price":7600,"categoryId":["4495","4741","5031","5023","2","3","3725","5","4109","3900","102"],"discount":70,"tag":{},"discountedPrice":2295,"actionUrl":"/forever-new-white-autumn-tiered-maxi-dress/p/200201","aspectRatio":0.75,"sizeVariation":[{"id":"200194","title":"XXS"},{"id":"200195","title":"XS"},{"id":"200196","title":"S"},{"id":"200197","title":"M"}],"type":"configurable","id":"200201"},{"sku":"FRNW0436","imageUrl":"https://adn-static1.nykaa.com/nykdesignstudio-images/pub/media/catalog/product/2/5/25786001_1.jpg","isOutOfStock":0,"subTitle":"Emma Corset Front Lace Bodycon Dress","title":"Forever New","price":7400,"categoryId":["4900","5","2","102","3","4109","4495","4710","4738"],"discount":54,"tag":{},"discountedPrice":3395,"actionUrl":"/forever-new-emma-corset-front-lace-bodycon-dress/p/189252","aspectRatio":0.75,"sizeVariation":[{"id":"189245","title":"XXS"},{"id":"189246","title":"XS"},{"id":"189248","title":"M"},{"id":"189249","title":"L"},{"id":"189250","title":"XL"}],"type":"configurable","id":"189252"},{"sku":"RSVP0026","imageUrl":"https://adn-static1.nykaa.com/nykdesignstudio-images/pub/media/catalog/product/d/2/d20011-1_1.jpg","isOutOfStock":0,"subTitle":"Black Bow To Ruffle Short Dress","title":"RSVP","price":3295,"categoryId":["4109","3712","2","3","4624","4625","4626","4706","5010","4630","4628","4627","4631","5047","4632","5089","5","102","5011","5014","5030","5031"],"discount":0,"tag":{"titleColor":"#ffffff","imageUrl":"","bgColor":"#000000","title":"Express Delivery"},"discountedPrice":3295,"actionUrl":"/rsvp-black-bow-to-ruffle-short-dress/p/217726","aspectRatio":0.75,"sizeVariation":[{"id":"217721","title":"XS"},{"id":"217722","title":"S"},{"id":"217723","title":"M"},{"id":"217724","title":"L"},{"id":"217725","title":"XL"}],"type":"configurable","id":"217726"},{"sku":"ABHST391","imageUrl":"https://adn-static1.nykaa.com/nykdesignstudio-images/pub/media/catalog/product/d/h/dhy104_1.jpg","isOutOfStock":0,"subTitle":"Dohyenne Green Asymmetric Cocktail Dress","title":"Abhishti","price":1899,"categoryId":["4315","4109","4879","4878","5178","3","2","102","5"],"discount":50,"tag":{},"discountedPrice":950,"actionUrl":"/abhishti-dohyenne-green-asymmetric-cocktail-dress/p/270252","aspectRatio":0.75,"sizeVariation":[{"id":"264388","title":"XS"},{"id":"264389","title":"S"},{"id":"264390","title":"M"},{"id":"264391","title":"L"},{"id":"264392","title":"XL"}],"type":"configurable","id":"270252"},{"sku":"RSVP0012","imageUrl":"https://adn-static1.nykaa.com/nykdesignstudio-images/pub/media/catalog/product/d/2/d20020-1_1.jpg","isOutOfStock":0,"subTitle":"Color Me Red Short Dress","title":"RSVP","price":3195,"categoryId":["3712","4109","102","5","3","2","5047","5089","4625","5014","5011","5009","5018","4624","5031","4631","4632","4706","4719","4626","4627","4628","4630"],"discount":0,"tag":{"titleColor":"#ffffff","imageUrl":"","bgColor":"#000000","title":"Express Delivery"},"discountedPrice":3195,"actionUrl":"/rsvp-color-me-red-short-dress/p/217642","aspectRatio":0.75,"sizeVariation":[{"id":"217637","title":"XS"},{"id":"217638","title":"S"},{"id":"217639","title":"M"},{"id":"217640","title":"L"},{"id":"217641","title":"XL"}],"type":"configurable","id":"217642"},{"sku":"INDS016","imageUrl":"https://adn-static1.nykaa.com/nykdesignstudio-images/pub/media/catalog/product/i/n/inddus_ind-gwn-7031-1.jpg","isOutOfStock":0,"subTitle":"Inddus Green Silk Blend Embroidered Maxi Dress","title":"INDDUS","price":4799,"categoryId":["4970","4968","3","2","4109","4582","102","5"],"discount":45,"tag":{},"discountedPrice":2640,"actionUrl":"/inddus-green-silk-blend-embroidered-maxi-dress/p/210214","aspectRatio":0.75,"sizeVariation":[{"id":"210215","title":"S"},{"id":"210216","title":"M"},{"id":"210217","title":"L"},{"id":"210218","title":"XL"},{"id":"210219","title":"2XL"}],"type":"configurable","id":"210214"},{"sku":"RSVP0013","imageUrl":"https://adn-static1.nykaa.com/nykdesignstudio-images/pub/media/catalog/product/d/2/d20021_1_1.jpg","isOutOfStock":0,"subTitle":"White A Lacy Affair Sheath Dress","title":"RSVP","price":3495,"categoryId":["4624","4625","4627","4626","4628","4630","4631","4109","5018","5","4706","4632","102","5047","3712","2","3","5023","5089"],"discount":0,"tag":{"titleColor":"#ffffff","imageUrl":"","bgColor":"#000000","title":"Express Delivery"},"discountedPrice":3495,"actionUrl":"/rsvp-white-a-lacy-affair-sheath-dress/p/217648","aspectRatio":0.75,"sizeVariation":[{"id":"217643","title":"XS"},{"id":"217644","title":"S"},{"id":"217645","title":"M"},{"id":"217646","title":"L"},{"id":"217647","title":"XL"}],"type":"configurable","id":"217648"},{"sku":"STB0012","imageUrl":"https://adn-static1.nykaa.com/nykdesignstudio-images/pub/media/catalog/product/s/b/sb016_1.jpg","isOutOfStock":0,"subTitle":"Shimmer Pink Ruffle Wrap Dress","title":"STITCH BAE","price":1850,"categoryId":["4109","102","5089","5","4863","4868","5023","4657","3","4710","4444","5031","4728","2","4580"],"discount":20,"tag":{},"discountedPrice":1480,"actionUrl":"/stitch-bae-shimmer-pink-ruffle-wrap-dress/p/145409","aspectRatio":0.75,"sizeVariation":[{"id":"145410","title":"XS"},{"id":"145411","title":"S"},{"id":"145412","title":"M"},{"id":"145413","title":"L"},{"id":"145414","title":"XL"}],"type":"configurable","id":"145409"},{"sku":"FBNS066","imageUrl":"https://adn-static1.nykaa.com/nykdesignstudio-images/pub/media/catalog/product/f/a/fabnest_19jun0527_1.jpg","isOutOfStock":0,"subTitle":"Red And White Cotton Check Dress With Belt","title":"Fabnest","price":1500,"categoryId":["3491","5092","4902","4967","4970","2","3","102","4719","5","4560","4109"],"discount":45,"tag":{},"discountedPrice":825,"actionUrl":"/fabnest-red-and-white-cotton-check-dress-with-belt/p/131930","aspectRatio":0.75,"sizeVariation":[{"id":"131931","title":"XS"},{"id":"131932","title":"S"},{"id":"131933","title":"M"},{"id":"131934","title":"L"},{"id":"131935","title":"XL"},{"id":"131936","title":"2XL"}],"type":"configurable","id":"131930"},{"sku":"VRT0041","imageUrl":"https://adn-static1.nykaa.com/nykdesignstudio-images/pub/media/catalog/product/v/r/vrdr0024t_1.jpg","isOutOfStock":0,"subTitle":"Women'S Floral Gathered Maxi Dress","title":"VRITTA","price":1899,"categoryId":["4061","4109","2","3","4196","4194","4234","4415","3570","4228","4226","4215","4224","3543","4409","5092","102","3725","3501","5"],"discount":10,"tag":{},"discountedPrice":1710,"actionUrl":"/vritta-women-s-floral-gathered-maxi-dress-1/p/59750","aspectRatio":0.75,"sizeVariation":[{"id":"59745","title":"S"},{"id":"59746","title":"M"},{"id":"59747","title":"L"},{"id":"59748","title":"XL"},{"id":"59749","title":"2XL"}],"type":"configurable","id":"59750"},{"sku":"FRNW0434","imageUrl":"https://adn-static1.nykaa.com/nykdesignstudio-images/pub/media/catalog/product/2/5/25797302_1.jpg","isOutOfStock":0,"subTitle":"Pia Lace Flippy Dress","title":"Forever New","price":6800,"categoryId":["5","102","4495","4579","4074","4109","2","3"],"discount":62,"tag":{},"discountedPrice":2595,"actionUrl":"/forever-new-pia-lace-flippy-dress/p/189236","aspectRatio":0.75,"sizeVariation":[{"id":"189229","title":"XXS"},{"id":"189230","title":"XS"},{"id":"189232","title":"M"},{"id":"189233","title":"L"},{"id":"189235","title":"2XL"}],"type":"configurable","id":"189236"},{"sku":"AMBR025","imageUrl":"https://adn-static1.nykaa.com/nykdesignstudio-images/pub/media/catalog/product/2/9/291a-a129-d02_1.jpg","isOutOfStock":0,"subTitle":"Multicolor Checks Tier Gown With Jacket","title":"Ambraee","price":3099,"categoryId":["2","3","4737","4109","4652","4596","3504","102","5061","4914","4940","5075","153","5"],"discount":0,"tag":{},"discountedPrice":3099,"actionUrl":"/ambraee-multicolor-checks-tier-gown-with-jacket/p/126942","aspectRatio":0.75,"sizeVariation":[{"id":"126936","title":"XS"},{"id":"126937","title":"S"},{"id":"126938","title":"M"},{"id":"126939","title":"L"},{"id":"126940","title":"XL"},{"id":"126941","title":"2XL"}],"type":"configurable","id":"126942"},{"sku":"PASI030","imageUrl":"https://adn-static1.nykaa.com/nykdesignstudio-images/pub/media/catalog/product/p/a/pasithea_5025_1.jpg","isOutOfStock":0,"subTitle":"Nyx Kaftan","title":"Pasithea","price":2100,"categoryId":["4579","4353","4516","4355","4515","4519","102","4074","4215","3707","4224","4234","4228","4226","4282","4218","5","2","4868","4975","3570","3760","3736","3"],"discount":10,"tag":{},"discountedPrice":1890,"actionUrl":"/pasithea-nyx-kaftan/p/29505","aspectRatio":0.75,"sizeVariation":[{"id":"29502","title":"S"},{"id":"29503","title":"M"},{"id":"29504","title":"L"}],"type":"configurable","id":"29505"},{"sku":"IDALI230","imageUrl":"https://adn-static1.nykaa.com/nykdesignstudio-images/pub/media/catalog/product/i/k/ikrt0262_1.jpg","isOutOfStock":0,"subTitle":"Rayon Jaal Print Dress","title":"Idalia","price":2399,"categoryId":["4967","4970","102","5","4618","2","3","4109"],"discount":38,"tag":{},"discountedPrice":1488,"actionUrl":"/idalia-rayon-jaal-print-dress-14/p/205924","aspectRatio":0.75,"sizeVariation":[{"id":"205918","title":"XS"},{"id":"205919","title":"S"},{"id":"205920","title":"M"},{"id":"205921","title":"L"},{"id":"205922","title":"XL"},{"id":"205923","title":"2XL"}],"type":"configurable","id":"205924"},{"sku":"FEML019","imageUrl":"https://adn-static1.nykaa.com/nykdesignstudio-images/pub/media/catalog/product/f/e/femella_ff-1299a-wht_1.jpg","isOutOfStock":0,"subTitle":"White Aztec Print Piped Dress","title":"Femella","price":1299,"categoryId":["4860","5166","5177","5173","5092","4979","4981","4291","3543","4076","5","102","4109","4194","4108","2","3","3570","4560"],"discount":50,"tag":{"titleColor":"#ffffff","imageUrl":"","bgColor":"#000000","title":"Bestseller"},"discountedPrice":650,"actionUrl":"/femella-white-aztec-print-piped-dress/p/71561","aspectRatio":0.75,"sizeVariation":[{"id":"71556","title":"S"},{"id":"71557","title":"M"}],"type":"configurable","id":"71561"},{"sku":"FRNW0583","imageUrl":"https://adn-static1.nykaa.com/nykdesignstudio-images/pub/media/catalog/product/2/5/25696601_1.jpg","isOutOfStock":0,"subTitle":"Nude Missy Flippy Hem Dress","title":"Forever New","price":7400,"categoryId":["3720","4109","4371","4724","4495","4858","3","5092","2","5023","5","102"],"discount":46,"tag":{},"discountedPrice":3995,"actionUrl":"/forever-new-nude-missy-flippy-hem-dress/p/199900","aspectRatio":0.75,"sizeVariation":[{"id":"199896","title":"M"},{"id":"199897","title":"L"},{"id":"199898","title":"XL"},{"id":"199899","title":"2XL"}],"type":"configurable","id":"199900"},{"sku":"KHWB033","imageUrl":"https://adn-static1.nykaa.com/nykdesignstudio-images/pub/media/catalog/product/k/h/khwaab_186_1.jpg","isOutOfStock":0,"subTitle":"Red Criss-Cross Dress","title":"Khwaab","price":2199,"categoryId":["5092","4979","5","4981","102","2","3","4537","4720","4719","4710","4822","4109","4806"],"discount":0,"tag":{},"discountedPrice":2199,"actionUrl":"/khwaab-red-criss-cross-dress/p/167991","aspectRatio":0.75,"sizeVariation":[{"id":"167986","title":"S"},{"id":"167988","title":"L"},{"id":"167989","title":"XL"},{"id":"167990","title":"2XL"}],"type":"configurable","id":"167991"},{"sku":"FRNW0127","imageUrl":"https://adn-static1.nykaa.com/nykdesignstudio-images/pub/media/catalog/product/2/5/25156501_1.jpg","isOutOfStock":0,"subTitle":"Pink Aspen Textured Ruffle Dress","title":"Forever New","price":8000,"categoryId":["5031","4728","3","4495","2","4109","5","102"],"discount":70,"tag":{},"discountedPrice":2395,"actionUrl":"/forever-new-pink-aspen-textured-ruffle-dress/p/154808","aspectRatio":0.75,"sizeVariation":[{"id":"154801","title":"XXS"},{"id":"154802","title":"XS"},{"id":"154803","title":"S"},{"id":"154804","title":"M"},{"id":"154805","title":"L"},{"id":"154806","title":"XL"},{"id":"154807","title":"2XL"}],"type":"configurable","id":"154808"},{"sku":"TWDR322","imageUrl":"https://adn-static1.nykaa.com/nykdesignstudio-images/pub/media/catalog/product/t/w/twdr322.jpg","isOutOfStock":0,"subTitle":"Maroon Glamour On The Move Sheath Dress","title":"Twenty Dresses","price":1695,"categoryId":["4109","4240","5047","5166","5002","3","2","102","5"],"discount":25,"tag":{},"discountedPrice":1272,"actionUrl":"/twenty-dresses-maroon-glamour-on-the-move-sheath-dress/p/232591","aspectRatio":0.75,"sizeVariation":[{"id":"232586","title":"XS"},{"id":"232587","title":"S"},{"id":"232588","title":"M"},{"id":"232589","title":"L"},{"id":"232590","title":"XL"}],"type":"configurable","id":"232591"},{"sku":"RSVP0025","imageUrl":"https://adn-static1.nykaa.com/nykdesignstudio-images/pub/media/catalog/product/d/2/d20013-1_1.jpg","isOutOfStock":0,"subTitle":"Black Be Mine Little Black Dress","title":"RSVP","price":3195,"categoryId":["3","2","4625","4624","4626","4627","4628","5","5047","4632","4631","4630","4706","102","3712","4109","5010","5014","5018","5089"],"discount":0,"tag":{"titleColor":"#ffffff","imageUrl":"","bgColor":"#000000","title":"Express Delivery"},"discountedPrice":3195,"actionUrl":"/rsvp-black-be-mine-little-black-dress/p/217720","aspectRatio":0.75,"sizeVariation":[{"id":"217715","title":"XS"},{"id":"217716","title":"S"},{"id":"217717","title":"M"},{"id":"217718","title":"L"},{"id":"217719","title":"XL"}],"type":"configurable","id":"217720"},{"sku":"GULCR056","imageUrl":"https://adn-static1.nykaa.com/nykdesignstudio-images/pub/media/catalog/product/g/c/gc-d-315white_1.jpg","isOutOfStock":0,"subTitle":"Devi White Swing Dress","title":"Gulaal","price":3500,"categoryId":["4536","4109","4971","4970","5092","3","2","102","5"],"discount":0,"tag":{},"discountedPrice":3500,"actionUrl":"/gulaal-devi-white-swing-dress/p/243981","aspectRatio":0.75,"sizeVariation":[{"id":"243975","title":"XS"},{"id":"243976","title":"S"},{"id":"243977","title":"M"},{"id":"243978","title":"L"},{"id":"243979","title":"XL"},{"id":"243980","title":"2XL"}],"type":"configurable","id":"243981"},{"sku":"AND0165","imageUrl":"https://adn-static1.nykaa.com/nykdesignstudio-images/pub/media/catalog/product/a/w/aw18ab190drptk-withoutsleeve-_1.jpg","isOutOfStock":0,"subTitle":"Red Fit and Flare Dress","title":"AND","price":2499,"categoryId":["3","2","102","5","3520","1946","4226","3569","3709","937","3708","3575","3570","3580","3696","3651","3760","4194","4196","4224","3543","3545","3710","3759","4093","4066","4355","4415","4409"],"discount":40,"tag":{"titleColor":"#ffffff","imageUrl":"","bgColor":"#000000","title":"Bestseller"},"discountedPrice":1500,"actionUrl":"/and-red-fit-and-flare-dress/p/18966","aspectRatio":0.75,"sizeVariation":[{"id":"18961","title":"S"},{"id":"18962","title":"M"},{"id":"18963","title":"L"},{"id":"18964","title":"XL"}],"type":"configurable","id":"18966"},{"sku":"FRNW0433","imageUrl":"https://adn-static1.nykaa.com/nykdesignstudio-images/pub/media/catalog/product/2/5/25872201_1.jpg","isOutOfStock":0,"subTitle":"Imogen Metal Trim Maxi Dress","title":"Forever New","price":5800,"categoryId":["2","3","4709","5092","4495","3720","5","4109","102"],"discount":55,"tag":{},"discountedPrice":2595,"actionUrl":"/forever-new-imogen-metal-trim-maxi-dress/p/189228","aspectRatio":0.75,"sizeVariation":[{"id":"189222","title":"XS"},{"id":"189223","title":"S"},{"id":"189224","title":"M"},{"id":"189225","title":"L"},{"id":"189226","title":"XL"},{"id":"189227","title":"2XL"}],"type":"configurable","id":"189228"},{"sku":"INDS013","imageUrl":"https://adn-static1.nykaa.com/nykdesignstudio-images/pub/media/catalog/product/i/n/inddus_ind-gwn-7022-1.jpg","isOutOfStock":0,"subTitle":"Inddus Navy Blue Taffeta Solid Flared Maxi Dress","title":"INDDUS","price":3799,"categoryId":["4582","4970","5030","4968","102","5","4109","3","2"],"discount":50,"tag":{},"discountedPrice":1900,"actionUrl":"/inddus-navy-blue-taffeta-solid-flared-maxi-dress/p/210196","aspectRatio":0.75,"sizeVariation":[{"id":"210197","title":"S"},{"id":"210198","title":"M"},{"id":"210199","title":"L"},{"id":"210200","title":"XL"},{"id":"210201","title":"2XL"}],"type":"configurable","id":"210196"},{"sku":"VRT0021","imageUrl":"https://adn-static1.nykaa.com/nykdesignstudio-images/pub/media/catalog/product/v/r/vrdr0008r_1.jpg","isOutOfStock":0,"subTitle":"Women'S Floral Embroidered Shift Dress","title":"VRITTA","price":1749,"categoryId":["4228","4226","4194","4196","4224","4234","102","5","4109","3501","2","3","4560","3727","4061","3543","3570","5092"],"discount":10,"tag":{},"discountedPrice":1575,"actionUrl":"/vritta-women-s-floral-embroidered-shift-dress/p/59630","aspectRatio":0.75,"sizeVariation":[{"id":"59625","title":"S"},{"id":"59626","title":"M"},{"id":"59627","title":"L"},{"id":"59628","title":"XL"},{"id":"59629","title":"2XL"}],"type":"configurable","id":"59630"},{"sku":"FEML094","imageUrl":"https://adn-static1.nykaa.com/nykdesignstudio-images/pub/media/catalog/product/f/e/femella_ff-1367a-wht_1.jpg","isOutOfStock":0,"subTitle":"White Splatter Polka Surplice Neck Midi Dress","title":"Femella","price":1599,"categoryId":["4291","102","3570","5","4109","4108","2","5177","5173","3"],"discount":50,"tag":{},"discountedPrice":800,"actionUrl":"/femella-white-splatter-polka-surplice-neck-midi-dress/p/92630","aspectRatio":0.75,"sizeVariation":[{"id":"92624","title":"XS"},{"id":"92625","title":"S"},{"id":"92626","title":"M"},{"id":"92627","title":"L"},{"id":"92628","title":"XL"},{"id":"92629","title":"2XL"}],"type":"configurable","id":"92630"},{"sku":"FANPA014","imageUrl":"https://adn-static1.nykaa.com/nykdesignstudio-images/pub/media/catalog/product/f/p/fpdapmd_1.jpg","isOutOfStock":0,"subTitle":"Alizeh Polka Midi Dress","title":"Fancy Pastels","price":2150,"categoryId":["4778","5","4908","102","4109","3","2"],"discount":0,"tag":{},"discountedPrice":2150,"actionUrl":"/fancy-pastels-alizeh-polka-midi-dress/p/223931","aspectRatio":0.75,"sizeVariation":[{"id":"223925","title":"XS"},{"id":"223926","title":"S"},{"id":"223927","title":"M"},{"id":"223928","title":"L"},{"id":"223929","title":"XL"},{"id":"223930","title":"2XL"}],"type":"configurable","id":"223931"},{"sku":"FRNW0570","imageUrl":"https://adn-static1.nykaa.com/nykdesignstudio-images/pub/media/catalog/product/2/5/25433301_1.jpg","isOutOfStock":0,"subTitle":"Pink Phillipa Lace Off Shoulder Dress","title":"Forever New","price":8800,"categoryId":["4109","3","5","2","102","5023","4495","3720","4710","4709","4728","4371","3712"],"discount":61,"tag":{},"discountedPrice":3395,"actionUrl":"/forever-new-pink-phillipa-lace-off-shoulder-dress/p/199796","aspectRatio":0.75,"sizeVariation":[{"id":"199789","title":"XXS"},{"id":"199790","title":"XS"},{"id":"199791","title":"S"},{"id":"199792","title":"M"}],"type":"configurable","id":"199796"},{"sku":"VEDIC418","imageUrl":"https://adn-static1.nykaa.com/nykdesignstudio-images/pub/media/catalog/product/1/1/1120blue_1.jpg","isOutOfStock":0,"subTitle":"Cotton Blue Striped Shirt Style Dress","title":"Vedic","price":2099,"categoryId":["4109","5","4725","102","4371","4408","5165","3","2","4905","5169","5166","4970","4967"],"discount":35,"tag":{},"discountedPrice":1365,"actionUrl":"/vedic-cotton-blue-striped-shirt-style-dress/p/200705","aspectRatio":0.75,"sizeVariation":[{"id":"200700","title":"S"},{"id":"200701","title":"M"},{"id":"200702","title":"L"},{"id":"200703","title":"XL"},{"id":"200704","title":"2XL"}],"type":"configurable","id":"200705"}]